No,date,Label,baseline_HBO,baseline_HHB,baseline_TSI,Stage1_HBO,Stage1_HHB,Stage1_TSI,Stage2_HBO,Stage2_HHB,Stage2_TSI,Stage3_HBO,Stage3_HHB,Stage3_TSI,Stage4_HBO,Stage4_HHB,Stage4_TSI,Stage5_HBO,Stage5_HHB,Stage5_TSI,Stage1_activation_HBO,Stage1_activation_HHB,Stage2_activation_HBO,Stage2_activation_HHB,Stage3_activation_HBO,Stage3_activation_HHB,Stage4_activation_HBO,Stage4_activation_HHB,Stage5_activation_HBO,Stage5_activation_HHB,Stage1_different_HBO,Stage1_different_HHB,Stage2_different_HBO,Stage2_different_HHB,Stage3_different_HBO,Stage3_different_HHB,Stage4_different_HBO,Stage4_different_HHB,Stage5_different_HBO,Stage5_different_HHB,baseline_s_HBO,Stage1_s_HBO,Stage2_s_HBO,Stage3_s_HBO,Stage4_s_HBO,Stage5_s_HBO,baseline_s_HHB,Stage1_s_HHB,Stage2_s_HHB,Stage3_s_HHB,Stage4_s_HHB,Stage5_s_HHB,baseline_HBT,Stage1_HBT,Stage2_HBT,Stage3_HBT,Stage4_HBT,Stage5_HBT,baseline_s_HBT,Stage1_s_HBT,Stage2_s_HBT,Stage3_s_HBT,Stage4_s_HBT,Stage5_s_HBT
16,20190411,1,0.546827248,0.213107557,0.62303622,0.848909323,0.672988109,0.727130574,0.928769784,0.520832562,0.853913087,0.895593508,0.417774374,0.884010338,0.898523783,0.532177335,0.836366892,0.92336931,0.932165656,0.736019576,0.798329125,0.890308817,0.830939824,0.692553924,0.673828301,0.659985112,0.678484202,0.703578623,0.713246801,0.96490631,0.798329125,0.890308817,0.553366319,0.498734065,0.479680781,0.397744645,0.505520167,0.908865023,0.48846815,0.867214062,0.572028781,0.749331812,0.476443926,0.365484409,0.626372111,0.527422749,0.789322203,0.573743764,0.186699914,0.516894642,0.954769627,0.788958167,0.457710762,0.778707014,0.784216054,0.745137331,0.831077191,0.962318888,0.768102149,0.872249449,0.306116667,0.431027331,0.767075945,0.536624025
18,20190417,1,0.6869922,0.523407813,0.418814705,0.328045728,0.887768094,0.285901072,0.6389694,0.468428435,0.540993567,0.841785013,0.15002991,0.805700036,0.88576274,0.010814729,0.976300104,0.420255336,0.415120693,0.670643321,0.257164768,0.825902115,0.409756431,0.432695298,0.539413943,0.334222588,0.591987496,0.240050504,0.317776799,0.407884724,0.257164768,0.825902115,0.872506391,0.172856786,0.783379296,0.180019854,0.551918954,0.56008823,0,0.807985855,0.369705431,0.79001035,0.290442539,0.362819017,0.169035839,0.863128842,0.496562866,0.284332941,0.675667834,0.326094733,0.788351095,0.30186656,0.705113444,0.347447228,0.629862834,0.828427446,0.913088526,0.459100891,0.440171959,0.909003253,0.11785122,0.392378638,0.26894924,0.716088122
18,20190419,1,1,0.264995734,0.694522621,0.486160299,0.799859751,0.463200966,0.537073622,0.968255995,0.638985717,0.390095067,1,0.836888841,0.221334198,0.990417848,0.939376826,0.189523904,0.918547757,0.529984378,0.164145972,0.966472527,0.003467693,0.995800448,0,0.959044139,0,0.937859227,0,0.924130127,0.164145972,0.966472527,0.58470513,0.877735608,0.293458628,0.503858031,0.262438979,0.798997371,0.41179341,0.394873974,0.240070259,0.522305339,0.566125774,0.306715745,0.39284805,0.753392176,0.953602607,0.574976525,0.782799371,0.499367596,0.779235552,0.316715022,0.799968915,0.65750707,0.853411019,0.716727039,0.568178789,0.517108068,0.588180484,0.768013877,0.600647662,0.424007398,0.529333832,0.486141286
25,20190611,1,0.496084404,0.635033481,0.611456121,0.700638702,0.808146983,0.397691596,1,0.439566192,0.69943396,0.797202039,0.274264252,0.822841162,0.591013956,0.120079765,0.884918496,0.502084755,0.504861852,0.506716441,0.709872496,0.652786187,0.950412931,0.331607143,0.637427173,0.341392479,0.5140439,0.242979389,0.474296684,0.405743698,0.709872496,0.652786187,0.798792825,0.235973985,0.251137111,0.339624695,0.244150199,0.551409937,0.366009943,0.79953876,0.531416873,1,0.404300195,0.219416903,0.387634055,0.505112259,0.523527316,0.159061986,0.492788981,0.437788892,0.719612381,0.601375086,0.486988261,0.848712896,0.81577308,0.51827613,0.202995095,0.449327036,0.767482467,0.994784139,0.19057375,0.28685465,0.476695338,0.524319056
25,20190613,1,0.086049121,0.814282709,0.231377226,0.289290556,0.794955149,0.354758005,0.372669074,0.763485803,0.380787068,0.582774892,0.361854293,0.634487513,0.865012867,0.03502581,0.922206539,0.977130934,0.411600257,0.76126031,0.659314048,0.48438874,0.737175334,0.450680434,0.762302584,0.289807552,0.915507202,0.098760315,1,0.231653382,0.659314048,0.48438874,0.650155935,0.639117273,0.773502965,0.072912589,0.824817918,0.336934858,0.574333617,0.779891782,0.469710321,0.53568359,0.712211929,0.50353957,0.830105294,0.527228507,0.246632488,0.501960557,0.552732921,0.210697884,0.553116721,0.894310833,0,0.263343787,0.326742535,0.233183077,0.341005696,0.859813237,0.382502434,0.739076795,0.676325132,0.368637364,0.826626179,1
27,20190702,1,0.270409853,0.30888659,0.381469722,0.208796103,0.527481502,0.438380738,0.520833508,0.524268207,0.618244976,0.769944617,0.457555192,0.857795626,0.921130101,0.432385134,0.923858284,0.668203717,0.917167218,0.602901771,0.45794595,0.667993802,0.70185476,0.627248773,0.77165208,0.628462404,0.847457935,0.595451047,0.703260554,0.896927516,0.45794595,0.667993802,0.893497457,0.681197083,0.83837097,0.434886015,0.677711543,0.732835319,0.212657436,0.949950653,0.219211644,0.748875685,0.708635313,0.272930833,0.600233015,0.768641514,0.189563962,0.445235598,0.941619755,0.464947145,0.901531367,0.527495107,0.305313244,0.29335592,0.509776535,0.652701659,0.785710619,0.778572159,0.058520714,0.795127608,0.718073346,0.354851538,0.728668706,0.572957979
32,20191202,1,0.522774832,0.643585502,0.542180256,0.793447281,0.869987158,0.569682331,0.835085831,0.829327303,0.575556517,0.620716147,0.650531363,0.574228873,0.782901328,0.648365114,0.609026401,0.864670414,0.744376175,0.273714845,0.768911083,0.704458751,0.762693535,0.621759886,0.491864596,0.548733363,0.619440407,0.540413417,0.689266858,0.57283165,0.768911083,0.704458751,0.524174124,0.625802844,0.22284102,0.297370233,0.681102193,0.778814277,0.541665821,0.540928774,0.346740746,0.718556836,0.414258773,0.620329295,0.148834454,0.429179777,0.426381597,0.371226507,0.376981549,0.669291962,0.365168308,0.012173367,0.571288429,0.815452177,0.860330959,0.655390791,0.851844662,0.911467103,0.349098562,0.765571049,0.293875336,0.670350866,0.234725506,0.119900179
36,20191213,1,0.18954805,0,0.897682956,0.280500209,0.459508638,0.580408225,0.24477475,0.44344039,0.677664838,0.1397378,0.137595077,0.764386144,0.058306432,0.002261537,0.715472428,0.091086127,0.495052452,0.265831228,0.576996629,0.871486436,0.510530425,0.784849222,0.372004345,0.622051218,0.351615942,0.514306869,0.382147196,0.77791132,0.576996629,0.871486436,0.531855506,0.667955059,0.32941403,0.194753405,0.35203879,0.564020484,0.471202348,0.90606942,0.284214324,0.786762876,0.507920361,0.372574035,0.370278753,0.969447074,0.569849153,0.656432321,0.504547403,0.322573833,0.671257311,0.749222182,0.090281986,0.174575297,0.306571973,0.554627423,0.808646544,0.87062198,0.5353329,0.48348372,0.813340623,0.529556064,0.755620055,0.433354546
38,20191216,1,0.6710777,0.814889928,0.723166154,0.736330055,0.84969998,0.658494899,0.511723978,1,0.617833168,0.373222884,0.787627524,0.707258781,0.285133657,0.170517279,0.872904064,0.562678861,0.368814939,0.825543212,0.613372033,0.536184734,0.300658145,0.629999723,0.212127654,0.529537848,0.224211453,0.17589035,0.416694964,0.200530965,0.613372033,0.536184734,0.265969107,0.854565839,0.303250345,0.250403278,0.359589799,0,0.721629425,0.596807744,0.454671236,0,0.801438565,0.260583466,0.409517265,0.529971781,0.55006154,0.419125635,0.836618042,0,0.279272376,1,0.678529224,0.736019405,0.656848278,0.420734453,0.041100842,0.385112469,0.547284363,0,0.833376206,0.058570441,0.267475471,0.821394999
38,20191223,1,0.241450365,0.353139509,0.441484549,0.355374714,0.536774244,0.440691856,0.282213936,0.254723969,0.487902539,0.605243987,0.018457031,0.86739422,0.819196319,0.194720102,0.887810308,0.801988354,0.310968076,0.526357369,0.602650117,0.638414492,0.496400007,0.391016777,0.672543969,0.35594875,0.799747078,0.435988383,0.803862498,0.434684211,0.602650117,0.638414492,0.481735649,0.347793166,0.922433642,0.280072066,0.743132461,0.954427825,0.444233334,0.507857004,0.481121196,0.471068684,0.808642766,0.544826367,0.558363381,0.639987811,0.398381116,1,0.275895305,0.29102589,0.833455712,0.557172279,0.173547183,0.207036433,0.112720863,0.172497689,0.548931425,0.827984197,0.108678943,0.914508046,0.655462109,0.665812359,0.965726695,0.078555944
38,20191225,1,0.689823951,0.637171007,0.159437012,0.5999202,0.723702104,0.147303899,0.309466531,0.782731608,0.171616475,0.116782485,0.703017272,0.379872388,0.084661315,0.596706987,0.729022735,0.176164752,0.255025283,0.561485923,0.484643492,0.570218117,0.08412626,0.590895812,0.014283132,0.581940895,0.08798591,0.514303983,0.161652811,0.22485131,0.484643492,0.570218117,0.222486593,0.749449739,0.213407467,0.40269601,0.410573766,0.64940663,0.530443895,0.04420955,0.332267874,0.580170439,0.43334251,0.365145059,0.476373137,0.179655801,0.540896492,0.406376702,0.764767727,0.238705518,0.669850509,0.218791344,0.235118545,0.383656592,0.202126961,0.419421145,0.746303038,0.754738205,0.552368668,0.90046922,0.652834502,0.496904731,0.70443562,0.547098824
39,20200101,1,0.057408632,0.011184562,0.509206862,0.668281889,0.572249894,0.566233194,0.428266762,0,0.909591297,0.400652442,0.445492594,0.393608461,0.411663588,0.598415596,0,0.473495218,0.417996277,0.014598677,1,0.969520988,0.819692034,0.439905367,0.65040444,0.789358955,0.647225271,0.849134138,0.696779029,0.715834006,1,0.969520988,0.26181371,0,0.449895454,1,0.482164209,0.960737022,0.510702506,0.225090681,0.338630068,0.685377428,0,1,0.429299564,0.590399689,0.703435155,0,0.534754118,1,0.692266553,0.516473239,0.056434694,0.603879196,0.265933987,0.402248504,0.501424099,0.484207517,0.426465261,0.516526931,0,1,0.54806797,0.442116531
41,20200103,1,0.534995194,0.353480893,0.39462875,0.071712021,0.511966894,0.360614447,0.06890494,0.351696614,0.454284158,0.459768647,0.155074023,0.691967225,0.693413423,0.005226878,0.91138986,0.872393025,0.526606443,0.655124083,0.150748553,0.614407543,0,0.464473536,0.367382975,0.432787973,0.556474003,0.327482261,0.687455102,0.58951004,0.150748553,0.614407543,0.599748041,0.49405055,1,0.313798717,0.757365285,0.546850418,0.635746889,0.93846325,0.226930571,0.30921304,1,0.439390745,0.87029412,0.082971093,0.479687413,0.393066908,0.596244943,0.326276103,0.706611329,0.696425012,0.486856611,0.068436041,0.049134899,0.35649765,0.578338562,0.883670615,0.15163181,0.238349675,1,0.437144785,0.919745076,0.026329911
41,20200106,1,0.47516482,0.329118467,0.894265957,0.752763353,0.663568091,0.401324133,0.816561845,0.825485874,0,0.80051136,0.904858614,0,0.866554169,0.97537428,0.262743341,1,1,0.280301221,0.769016629,0.780478041,0.791155342,0.841826742,0.654081141,0.86927777,0.698565813,0.895061376,0.801075812,0.944397022,0.769016629,0.780478041,0.553236454,0.874237318,0.494896931,0.563250593,0.576032281,0.893868071,0.59560894,0.501135004,0.589823411,0.652557781,0.605266973,0.379135526,0.596629442,0.662574426,0.934929649,0.496713621,0.689945877,0.472996968,0.786141447,0.538405267,0.434226573,0.687946858,0.803447755,0.825801039,0.935031945,1,0.833733,0.740911414,0.562723737,0.419292479,0.680215686,0.505803617
42,20200108,1,0.296323707,0.820796865,0.262960677,0.585379373,0.575328454,0.309969377,0.787603582,0.365038166,0.268227647,0.794043184,0.287028198,0.363010436,0.835846315,0.296403551,0.532233149,0.850506351,0.190729166,0.900215559,0.757121064,0.268813454,0.937874109,0.143242647,0.771371313,0.24394736,0.7794597,0.244703096,0.804491975,0.068971682,0.757121064,0.268813454,0.720322688,0.432322019,0.523739184,0.434854733,0.546067086,0.762741136,0.47645265,0.271720057,0.542179657,0.841370541,0.430013673,0.292301373,0.729645888,0.752981248,0.521131623,0.215785109,0.746723559,0.238414717,0.56814001,0.282340238,0.49770504,0.640145453,0.760054746,0.77386167,0.86825521,0.801547727,0.753135201,0.876310871,0.376435394,0.262691475,0.747023152,0.503127124
45,20200210,1,0.556679155,0.77993204,0.667352138,1,0.874871564,0.851451604,0.554587291,0.42100461,0.856395134,0.193821635,0.160359841,0.808784392,0.330482762,0.285178291,0.739071179,0.886327008,0.480904954,0.829512572,0.918756989,0.590625692,0.454658054,0.21475388,0.160674658,0.195544872,0.316716565,0.260080342,0.684386508,0.301991891,0.918756989,0.590625692,0,0.132009816,0,0.242888337,0.621369808,0.900365187,1,0.60801696,0.519082237,0.930656687,0.149299657,0,0.58062007,0.955497451,0.517989179,0.493069098,0.113413831,0.165503935,0.73066337,0.324637323,0.650431932,0.928528724,0.500087663,0.185396271,0.354349576,0.76542651,0.57394875,0.992539758,0.02751114,0.079152323,0.654983055,0.605938513
45,20200212,1,0.269800514,0.304187809,0.753400318,0.650865875,0.638427447,0.433283231,0.710582927,0.706623578,0.319345912,0.645567381,0.766609181,0.12489413,0.691773569,0.855023348,0.162041631,0.828617973,0.882435057,0,0.831600845,0.778116966,0.888374063,0.769170014,0.682310492,0.80536944,0.703956783,0.839558717,0.805177451,0.874763344,0.831600845,0.778116966,0.566112034,0.763054379,0.419453283,0.551957727,0.541471512,0.905119939,0.593757376,0.489467472,0.538439992,0.789601008,0.614731213,0.478536047,0.75280611,0.601563821,0.874829601,0.470480327,0.760904497,0.47357186,0.927092057,0.456153616,0.304861418,0.611255365,0.686148676,0.670682889,0.774554624,0.852177394,0.742733715,0.839846803,0.589774799,0.475265783,0.824450711,0.420161371
45,20200214,1,0.332410718,0.270675958,0.658320732,0.55023054,0.697352547,0.479277957,0.683468924,0.870094683,0.437994214,0.755818132,0.937570177,0.634556958,0.801100973,0.958549829,0.730328607,0.953196867,0.983483713,0.842203244,0.701332837,0.86356191,0.800508826,0.917170428,0.719177134,0.920643349,0.737459915,0.916612433,0.849729479,0.967422743,0.701332837,0.86356191,0.656810896,0.886117378,0.606822509,0.54776363,0.547742275,0.832974156,0.612212553,0.499412853,0.529831004,0.686383354,0.701811863,0.38673107,0.593266052,0.667333156,0.96322644,0.519622963,0.787199879,0.434486937,0.723308052,0.489865956,0.330994681,0.551015382,0.712655792,0.786395051,0.875105911,0.959393941,0.759977218,0.764592855,0.66461423,0.412710768,0.664997932,0.483954883
45,20200219,1,0.477052372,0.158750465,0.930947313,0.660286188,0.608888254,0.827146059,0.820928406,0.874652607,0.765618585,0.83749136,0.966492894,0.731081124,0.858686441,1,0.695301768,0.825492668,0.935828752,0.643116492,0.689577591,0.876286594,0.793585849,1,0.679480656,1,0.692574474,1,0.68953342,1,0.689577591,0.876286594,0.666027754,1,0.540191038,0.57249804,0.523874736,0.851536743,0.429504101,0.404676877,0.543781185,0.645220678,0.694279749,0.328196979,0.559390474,0.525126739,0.963073089,0.525318876,0.80779067,0.38887878,0.744605228,0.391651958,0.3774468,0.606294141,0.815940276,0.863285311,0.938086893,0.874076995,0.797095626,0.73879829,0.667626627,0.359054939,0.647867288,0.336645435
12,20190219,0,0.672985815,0.582188056,0.678318259,0.852900828,0.680510572,0.324302084,0.866117835,0.906494735,0.146990648,0.954055298,0.712188778,0.451676285,0.898735315,0.577417574,0.717398171,0.495177747,0.346465534,0.212430358,0.710405204,0.576723493,0.646036797,0.723943323,0.629985492,0.618084609,0.607967019,0.532600877,0.372903237,0.323424697,0.710405204,0.576723493,0.485687755,0.950247479,0.64198373,0.275796446,0.43847527,0.613601778,0.062051945,0.16589582,1,0.546444415,0.316546913,0.492092501,0.211789084,0.607167437,0.383457627,0.607603054,0.657747063,0.283586634,0.525582799,0.341726165,0.706677149,0.817698091,0.948464054,0.905822338,0.845080968,0.489786012,1,0.749701954,0.343627476,0.383980707,0.344696617,0.348024517
12,20190226,0,0.251953151,0.215770723,0.663510516,0.073927834,0.665829171,0.414539981,0.026662649,0.786828316,0.51221199,0.365765648,0.366824532,0.686537199,0.758393593,0.215901876,0.61033884,0.66139289,0.418671301,0.489604955,0.357440524,0.881151873,0.235719763,0.892821225,0.492561662,0.629756847,0.75573262,0.521359006,0.70906995,0.594147556,0.357440524,0.881151873,0.554673886,0.825283192,0.925471323,0.052312243,0.944749405,0.563473336,0.362988532,0.607394609,0.575523803,0.282911133,0.68385621,0.696525474,0.877593928,0.39252922,0,0.964623913,0.708258643,0.105576813,0.540918253,0.720315132,0.013153329,0.021074861,0.073415436,0.252331525,0.710174527,0.689989444,0.567352666,0.602681666,0.718143623,0.59945266,0.924586754,0.401553907
22,20190510,0,0.69958146,0.464061452,0.214460783,0.034226434,0.24555192,0.342481566,0.423249576,0.213023892,0.420234,0.560351485,0.032021103,0.569264485,0.550578039,0,0.652755411,0.182276611,0,0.541091529,0,0.263667037,0.186061621,0.280670925,0.327731738,0.301113595,0.374724219,0.265519073,0.160171766,0.144880047,0,0.263667037,1,0.654949368,0.676630411,0.339962622,0.467554948,0.687845019,0.086718287,0.353690586,0,0.742335468,0.675762686,0.290325301,0,0.500972941,0.364583738,0.31591874,0.469542707,0.337073654,0.6574819,0.412346081,0.537709701,0.163643106,0.206610289,0.105107788,0.078284907,0,0,0.609468355,0.449958231,0.279737427,0.416125247,0.33793105
22,20190513,0,0.356513073,0.386459731,0.804495368,0.627575129,0.745209741,1,0.813438623,0.952785798,0.943938755,0.83877471,0.677890035,0.714671571,0.942438687,0.708689257,0.753684864,0.942186592,0.69737019,0.561564114,0.74918891,0.80867267,0.904260193,0.897913906,0.762606709,0.709000662,0.812603229,0.71202907,0.829538534,0.692584039,0.74918891,0.80867267,0.696839857,0.926242723,0.551726934,0.189516977,0.624433041,0.823515656,0.464801746,0.428093576,0.591257933,0.538869584,0.744520534,0.398998738,0.732223277,0.316075293,1,0.444614771,0.598546427,0.310211596,0.820953046,0.492366721,0.395743495,0.633220931,0.850247001,0.847084111,1,0.954501876,0.87219046,0.557349588,0.690838205,0.408673878,0.807266466,0.174873662
23,20190515,0,0.118503605,1,0.127843983,0.392462919,0.810518921,0.527017721,0.673331529,0.343760446,0.804504634,0.842181606,0.033413471,0.944712627,1,0.03552808,1,0.965158389,0.531540904,0.82521702,0.722931062,0.337853661,1,0,0.9273722,0,0.981990448,0,0.974619065,0.206978844,0.722931062,0.337853661,0.831550318,0.11861145,0.739119104,0.197378184,0.690638142,0.73184272,0.432096018,0.913766924,0.426165805,0.773088912,0.767162,0.453187411,0.62219419,0.619842584,0.4759191,0.029674192,0.315565324,0.424999919,0.88229631,0.725611604,0.155014097,0.346508318,0.530790412,0.665712201,0.893393591,0.936892559,0.529395052,0.751296877,0.695306691,0.495466294,0.760957453,0.550364376
23,20190517,0,0.023029604,0.000777256,1,0.062188367,0,0.97875037,0.004606486,0.040889422,1,0,0,1,0,0.071823217,0.97909207,0,0.09699042,1,0.513188408,0.431624039,0.438234261,0.478360914,0.384716933,0.544030363,0.408300412,0.553657367,0.415791836,0.491266955,0.513188408,0.431624039,0.546256121,0.750299407,0.449914841,0.496639751,0.441873295,0.818607551,0.436828004,0.390712497,0.311859142,0.573128177,0.603231347,0.306749812,0.499404573,0.556153869,0.517022227,0.342140547,0.621717068,0.424861056,0.746655697,0.422578433,0.049804563,0.023722822,0.017023624,0,0.056949989,0.087879438,0.315482972,0.574681332,0.538273724,0.359403646,0.611598327,0.372536777
25,20190617,0,0.495055387,0.318822526,0.416833328,0.559758961,0.570510802,0.357816687,0.821125906,0.341408851,0.672365273,1,0.148814827,0.849645862,0.872102918,0.285142926,0.73146955,0.780524782,0.288174763,0.550167597,0.591680516,0.700484615,0.776153651,0.481230876,0.784478511,0.448782072,0.690906863,0.505980772,0.65118385,0.43879024,0.591680516,0.700484615,0.784063023,0.40999844,0.764000094,0.318692137,0.353136267,0.914178427,0.371791461,0.392125937,0.593996392,0.632107027,0.667514411,0.362851891,0.417283609,0.673783649,0.517372676,0.173079245,0.841402663,0.581851508,0.949662248,0.022671503,0.539432737,0.650819395,0.844190559,1,0.968195032,0.834947625,0.862857821,0.562512849,0.694970522,0.473497433,0.609671586,0.298367364
28,20190708,0,0.252498052,0.634357072,0.421023145,0.51738985,0.783589058,0.516771079,0.67759364,0.588774901,0.696281376,0.679515333,0.208041925,0.765209686,0.751504498,0.314644584,0.718713858,0.844389122,0.247226919,0.411878808,0.731435553,0.629902218,0.872989916,0.445484815,0.718608258,0.304434029,0.751106932,0.354563372,0.824653908,0.220925187,0.731435553,0.629902218,0.689398413,0.444329843,0.509277527,0.107130527,0.575160272,0.881004404,0.551789681,0.316822652,0.369126164,0.728263137,0.668620037,0.334611153,0.575494444,0.808888122,0.326675522,0.656473011,0,0.40589617,1,0,0.356899673,0.592122151,0.734928701,0.684108627,0.834088872,0.868523168,0.375385304,0.895986949,0.516340545,0.379060609,0.736159751,0.514775584
28,20190710,0,0.286973888,0.544572102,0.54822137,0,0.914458684,0.06106677,0.05132396,0.739706552,0.132251354,0.360903593,0.318290624,0.459147824,0.66651707,0.095299653,0.844659003,0.917111716,0.20170291,0.442116957,0.269685029,0.833018014,0.225596943,0.62385816,0.465171096,0.417174415,0.678499779,0.277059006,0.851797784,0.241812907,0.269685029,0.833018014,0.666129329,0.464224569,0.886610044,0.054289597,0.838413147,0.466707159,0.706225342,0.484610549,0.22248552,0.420798312,0.846836066,0.649563944,0.664101292,0.513485635,0.506430657,0.537286474,0.23271168,0.208408914,0.553279715,0.494338578,0.176027341,0,0,0.154278582,0.472716668,0.828633018,0.089631845,0.460829199,0.749017738,0.622283165,0.688488057,0.376149663
36,20191211,0,0.021673006,0.294976155,0.44634628,0.000926662,0.756127,0.466507676,0.161993461,0.547651175,0.528973283,0.519246193,0.234397701,0.702215652,0.805886001,0.015598356,0.909563965,0.819476526,0.261073926,0.65614598,0.462450384,0.898617285,0.593775371,0.654883527,0.760357254,0.510470859,0.914476577,0.364613095,0.935471317,0.433546759,0.462450384,0.898617285,0.776327014,0.428863418,0.960623348,0.179546132,0.825919152,0.464961706,0.474490814,0.630627192,0.347737963,0.475218962,0.837511474,0.533193754,0.71285161,0.6702252,0.834978221,0.437829176,0.540162917,0.335193373,0.608389537,0.300986984,0.086605456,0.318530551,0.30017111,0.08884752,0,0.27991672,0.313919071,1,0.417862965,0.342400912,0.500024686,0.868591607
38,20191218,0,0.093826641,0.768708926,0.152211346,0.093359986,0.814580002,0.090514399,0,0.828371966,0.087472991,0.324944102,0.429886556,0.393421731,0.765170108,0.110526912,0.777578073,0.764219242,0.378741149,0.697842659,0.488273051,0.542754753,0.364407375,0.532309708,0.570934642,0.353839656,0.848534714,0.166226201,0.86090767,0.235244942,0.488273051,0.542754753,0.505085104,0.69257834,0.903953818,0.071425979,1,0.352320452,0.458797268,0.667767484,0.309826318,0.427929831,0.805956863,0.846911064,0.891360195,0,0.37514824,0.735940212,0.30881199,0.044901268,0.561560794,0.82730255,0.690977795,0.636380233,0.509876836,0.345998668,0.314662109,0.236611068,0.351524619,0.624036352,0.462201343,0.302575589,0.563788851,0
40,20200102,0,0.86907752,0.782098687,0,0.835625932,0.702382118,0,0.700317874,0.591442625,0.336744912,0.56705892,0.50056328,0.683833791,0.365745357,0.287422415,0.900654516,0.372184524,0.325096925,0.561861845,0.553920691,0.423881516,0.291598445,0.342749751,0.216986943,0.386148181,0.16388604,0.260207674,0.187473219,0.188682401,0.553920691,0.423881516,0.339216722,0.54705843,0.324591243,0.405134147,0.234650721,0.494867728,0.454190945,0.431218147,0.270007958,0.591076387,0.540817261,0.186632105,0.36170031,0.649837502,0.364366267,0.284966169,0.696693831,0.361409703,0.57243551,0.418295438,0.901053789,0.807888268,0.687873538,0.571756012,0.384670866,0.40803769,0.178837939,0.548502693,0.521179667,0.262625091,0.451962226,0.427693592
40,20200104,0,0.556044215,0.665103801,0.202390675,0.664663111,0.739489405,0.221710519,0.653553711,0.641704103,0.427467768,0.466497171,0.339477432,0.715649316,0.559150473,0.151114575,0.920390278,0.577247471,0.317094131,0.617165159,0.636110909,0.561030285,0.552250247,0.463908515,0.357884573,0.361224084,0.460482525,0.244683265,0.489009377,0.252794203,0.636110909,0.561030285,0.492593272,0.561618445,0.246915736,0.184043946,0.586046107,0.513020959,0.471587082,0.558215761,0.420208808,0.438945568,0.847845363,0.241216247,0.461577735,0.735225116,0.521288119,0.304934768,0.620125917,0.321567958,0.596506131,0.471694771,0.67500742,0.743618041,0.687474102,0.405617938,0.376970645,0.481638218,0.437440856,0.426262767,0.714141718,0.258794643,0.500521656,0.523590146
40,20200106,0,0.946243724,0.905944451,0.120685477,0.880867686,0.834480835,0.091493015,0.78181264,0.834168416,0.188551171,0.63506453,0.366665807,0.620649149,0.590908723,0.147405143,0.91081242,0.395181835,0.328481173,0.79750152,0.536274934,0.442501384,0.295900719,0.439402256,0.213441042,0.240886697,0.261884942,0.114116729,0.159715395,0.117159064,0.536274934,0.442501384,0.368132145,0.675109137,0.312090919,0,0.430678559,0.475615638,0.259702842,0.574673359,0.541013368,0.279061767,0.56663619,0.259508455,0.548532099,0.255260176,0.43592098,0.335435644,0.196117389,0.145438514,0.611989952,0.702582777,0.939818131,0.838639015,0.793147723,0.533738582,0.462736976,0.407945437,0.549125829,0.305059788,0.377990895,0.217850162,0.587628958,0.320178416
40,20200108,0,0.409568676,0.789643801,0.130360119,0.595197321,0.793411104,0.128041044,0.563566602,0.925422653,0.25397345,0.700070628,0.489683012,0.697335968,0.772992173,0.107381058,0.967401798,0.860762598,0.249180365,0.719718217,0.683460903,0.504327139,0.60748367,0.59122308,0.626330137,0.375763113,0.676622207,0.153262804,0.748878853,0.129597746,0.683460903,0.504327139,0.48353345,0.834469028,0.686306394,0.026034648,0.577675056,0.27649665,0.54734265,0.525751276,0.603353628,0.430169896,0.805467353,0.501013401,0.752626622,0.533200439,0.383276116,0.417265254,0.387424619,0.040162969,0.513309147,0.528660969,0.516330395,0.802166397,0.908465397,0.489372583,0.082438815,0.411436379,0.797633614,0.456536943,0.599149301,0,0.578544412,0.544257063
40,20200110,0,0.46919915,0.793397862,0.954572545,0.272679377,0.537549034,0.896088786,0.260945686,0.5942964,0.875303873,0.450111909,0.690289536,0.892389785,0.670901576,0.85756375,0.895876507,0.61640678,0.838591188,0.877952816,0.368026495,0.256517841,0.252584965,0.336906445,0.405282768,0.48676046,0.579201888,0.580103609,0.561436291,0.551103263,0.368026495,0.256517841,0.557283694,0.752516256,0.736270896,0.597178497,0.74105607,1,0.402677672,0.437812772,0.322256025,0.754165395,0.759836184,0.294623108,1,0.255360034,0.39160922,0.442086342,1,0.398160327,0.938534,0.370979375,0.705346825,0.406822645,0.447448495,0.603590675,0.861086396,0.812269343,0.237988993,0.816774138,0.828854466,0.336974239,1,0.137488829
40,20200113,0,0.881431567,0.961808839,0.750635835,0.915571743,1,0.428454896,0.88378165,0.996291873,0.230193149,0.856958425,0.967000526,0.281875941,0.815309819,0.758958874,0.360970674,0.754878467,0.360021044,0.138569416,0.612474402,0.552147628,0.459267162,0.523002412,0.417768936,0.547916707,0.438914843,0.43391843,0.423039638,0.106473869,0.612474402,0.552147628,0.429987626,0.665901645,0.485073758,0.439024795,0.448617857,0.541084207,0.401093379,0,0.363409124,0.607631585,0.658975418,0.490355825,0.126117279,0.708321835,0.517212041,0.364587764,0.475774637,0.448382664,0,0.478183371,1,1,1,0.955906145,0.851574722,0.586383667,0.362091431,0.619815359,0.500487058,0.458478026,0,0.495902287
42,20200110,0,0.141724105,0.812206586,0.342606748,0.456540114,0.286265197,0.80389438,0.671623131,0.24932185,0.739526224,0.815404678,0.227690345,0.696157396,0.828327013,0.153015811,0.756063874,0.756035625,0.087657775,0.888238685,0.760224389,0,0.975592202,0.061390004,0.892213705,0.215328672,0.861320985,0.167316703,0.829456555,0,0.760224389,0,0.754722004,0.648407618,0.70442682,0.501279569,0.512314426,0.649654732,0.389678019,0.29926908,0.427678827,0.714229396,0.83389412,0.383051567,0.375125541,0.590377798,0.20488032,0.096616464,0.612737246,0.210679272,0.661393965,0.323937642,0.134496634,0.310703371,0.550729796,0.752649412,0.812169434,0.681830733,0.464713949,0.699124765,0.87576644,0.373794045,0.454113059,0.381203165
43,20200109,0,0.936175181,0.536820586,0.597230364,0.395359765,0.903973255,0.508501148,0.614738471,0.540647182,0.650717023,0.74575655,0.283423998,0.872704154,0.341999445,0.066180679,0.908555736,0.33091487,0.219933673,0.852552738,0.133674691,0.829733298,0.142053473,0.478070362,0.300188281,0.401881352,0.111418395,0.264547173,0.124540163,0.259548553,0.133674691,0.829733298,0.769236323,0.239269559,0.682571726,0.237699243,0,0.471130649,0.436037061,0.534080915,0.377148462,0.382540448,0.662653828,0.20038588,0.324866472,0.542322924,0.429171729,0.420904487,0.358602513,0.345717751,0.604916897,0.35725863,0.935256864,0.718056317,0.665268749,0.620261056,0.184896002,0.283456331,0.340672407,0.43260452,0.456407915,0.227097175,0.388374515,0.298901853
43,20200113,0,0.050671897,0.223025614,0.313929554,0.085087879,0.374378326,0.138710448,0.344071361,0.500048499,0.402229137,0.369091733,0.279076495,0.411774738,0.503053115,0.080125325,0.574972384,0.802968652,0.648216108,0.502459379,0.512518001,0.596285073,0.743790154,0.669725294,0.632222595,0.576193352,0.708313414,0.439872954,0.909113555,0.754842688,0.512518001,0.596285073,0.860763105,0.839933117,0.516167469,0.277949318,0.629837911,0.49427438,0.750422709,1,0.343378172,0.689104043,0.804294006,0.222641617,0.677671453,1,0.417762115,0.537483995,0.786730588,0.247883109,0.825752133,0.61423681,0.041141241,0.043364292,0.316526438,0.307281815,0.442303924,0.777621458,0.348131861,0.770394605,0.78308756,0.25813793,0.766770629,0.832305489
43,20200119,0,0.324657285,0.77749458,0.481056728,0.278920113,0.890217358,0.659993045,0.497532597,0.580793335,0.60907694,0.670099834,0.243527212,0.693549839,0.885437778,0.100893044,0.884443648,0.895471148,0.072963369,0.95916754,0.477891842,0.607411263,0.625913225,0.337921071,0.662605662,0.243811858,0.794694257,0.15603339,0.817426811,0.010164499,0.477891842,0.607411263,0.78786876,0.304092126,0.731088756,0.15242969,0.749171122,0.563643534,0.473332565,0.334797251,0.356643059,0.670295643,0.661295967,0.501532442,0.75843319,0.415345541,0.536900605,0.478456925,0.35678325,0.25622135,0.651571064,0.353784094,0.431389977,0.380615349,0.542302813,0.644420396,0.901581401,0.855849065,0.428646418,0.817571057,0.548926449,0.495770891,0.855100315,0.159843251
44,20200122,0,0,0.250669252,0.268022333,0.147608212,0.821911013,0.35935928,0.55195718,0.677702898,0.647178083,0.830841088,0.228118299,0.952460438,0.922900473,0.035176392,0.968858752,0.900600968,0.301901204,0.504570045,0.601968648,1,0.997093464,0.785140037,1,0.531888667,1,0.399434829,0.998729878,0.489357409,0.601968648,1,0.996517549,0.5035942,0.881750724,0.029823469,0.609762924,0.497665867,0.442271122,0.65683966,0.386974466,0.703288721,0.874937003,0.479950755,0.617187232,0.66280487,0.874225136,0.576157925,0.038379672,0.250016704,0.594518656,0.631023016,0.131227234,0.456710151,0.772593754,0.820153328,0.847825309,0.907979641,0.649241367,0.905706218,0.607626854,0.406596117,0.631917828,0.611754343
